1;1542386378824;0.201;-0.115;10.123;Capture
2;1542386378829;0.23;-0.134;10.132;Capture
3;1542386378830;0.23;-0.105;10.161;Capture
4;1542386378835;0.201;-0.105;10.142;Capture
5;1542386378852;0.211;-0.096;10.094;Capture
6;1542386378853;0.163;-0.134;10.161;Capture
7;1542386378854;0.211;-0.134;10.113;Capture
8;1542386378860;0.163;-0.096;10.094;Capture
9;1542386378861;0.182;-0.086;10.113;Capture
10;1542386378865;0.172;-0.096;10.142;Capture
11;1542386378870;0.201;-0.096;10.104;Capture
12;1542386378875;0.144;-0.057;10.084;Capture
13;1542386378881;0.201;-0.086;10.171;Capture
14;1542386378885;0.201;-0.029;10.171;Capture
15;1542386378890;0.172;-0.105;10.104;Capture
16;1542386378895;0.211;-0.115;10.123;Capture
17;1542386378900;0.23;-0.086;10.123;Capture
18;1542386378905;0.22;-0.086;10.142;Capture
19;1542386378910;0.201;-0.124;10.094;Capture
20;1542386378915;0.201;-0.086;10.132;Capture
21;1542386378920;0.172;-0.086;10.123;Capture
22;1542386378925;0.182;-0.096;10.113;Capture
23;1542386378930;0.163;-0.077;10.056;Capture
24;1542386378935;0.201;-0.105;10.113;Capture
25;1542386378940;0.144;-0.067;10.123;Capture
26;1542386378945;0.172;-0.077;10.171;Capture
27;1542386378950;0.211;-0.115;10.056;Capture
28;1542386378955;0.259;-0.134;10.113;Capture
29;1542386378960;0.211;-0.124;10.084;Capture
30;1542386378965;0.192;-0.115;10.104;Capture
31;1542386378970;0.192;-0.124;10.104;Capture
32;1542386378975;0.153;-0.134;10.104;Capture
33;1542386378980;0.201;-0.115;10.113;Capture
34;1542386378985;0.182;-0.048;10.075;Capture
35;1542386378990;0.163;-0.124;10.123;Capture
36;1542386378995;0.201;-0.105;10.084;Capture
37;1542386379000;0.201;-0.086;10.209;Capture
38;1542386379005;0.182;-0.086;10.142;Capture
39;1542386379010;0.172;-0.067;10.123;Capture
40;1542386379015;0.268;-0.124;10.199;Capture
41;1542386379020;0.211;-0.105;10.123;Capture
42;1542386379025;0.22;-0.086;10.084;Capture
43;1542386379030;0.192;-0.105;10.123;Capture
44;1542386379035;0.211;-0.144;10.056;Capture
45;1542386379040;0.182;-0.105;10.142;Capture
46;1542386379045;0.182;-0.124;10.123;Capture
47;1542386379050;0.249;-0.096;10.132;Capture
48;1542386379055;0.144;-0.077;10.132;Capture
49;1542386379060;0.182;-0.105;9.998;Capture
50;1542386379065;0.192;-0.096;10.151;Capture
51;1542386379070;0.172;-0.096;10.113;Capture
52;1542386379075;0.22;-0.086;10.113;Capture
53;1542386379080;0.22;-0.115;10.19;Capture
54;1542386379085;0.172;-0.153;10.084;Capture
55;1542386379090;0.239;-0.086;10.123;Capture
56;1542386379095;0.22;-0.086;10.104;Capture
57;1542386379100;0.192;-0.105;10.104;Capture
58;1542386379105;0.287;-0.124;10.19;Capture
59;1542386379110;0.201;-0.096;10.19;Capture
60;1542386379115;0.201;-0.134;10.094;Capture
61;1542386379120;0.201;-0.096;10.123;Capture
62;1542386379125;0.287;-0.182;10.084;Capture
63;1542386379130;0.316;-0.096;10.171;Capture
64;1542386379135;0.067;-0.172;10.065;Capture
65;1542386379140;0.211;-0.086;10.314;Capture
66;1542386379146;0.096;-0.048;10.065;Capture
67;1542386379150;0.172;-0.105;10.027;Capture
68;1542386379155;0.182;-0.077;10.132;Capture
69;1542386379160;0.211;-0.163;10.046;Capture
70;1542386379165;0.172;-0.096;10.228;Capture
71;1542386379170;0.182;-0.172;10.18;Capture
72;1542386379175;0.182;-0.105;10.18;Capture
73;1542386379180;0.182;-0.105;10.123;Capture
74;1542386379185;0.182;-0.105;10.113;Capture
75;1542386379190;0.239;-0.105;10.104;Capture
76;1542386379195;0.172;-0.115;10.056;Capture
77;1542386379200;0.153;-0.077;10.123;Capture
78;1542386379205;0.22;-0.067;10.113;Capture
79;1542386379210;0.23;-0.077;10.084;Capture
80;1542386379215;0.172;-0.086;10.123;Capture
81;1542386379220;0.22;-0.096;10.18;Capture
82;1542386379225;0.192;-0.077;10.027;Capture
83;1542386379230;0.172;-0.086;10.123;Capture
84;1542386379236;0.239;-0.124;10.113;Capture
85;1542386379240;0.249;-0.124;10.084;Capture
86;1542386379245;0.182;-0.105;10.18;Capture
87;1542386379251;0.134;-0.163;10.104;Capture
88;1542386379255;0.23;-0.057;10.113;Capture
89;1542386379260;0.163;-0.096;10.123;Capture
90;1542386379266;0.192;-0.153;10.151;Capture
91;1542386379270;0.22;-0.019;10.151;Capture
92;1542386379275;0.211;-0.115;10.123;Capture
93;1542386379280;0.182;-0.144;10.113;Capture
94;1542386379285;0.22;-0.115;10.113;Capture
95;1542386379291;0.22;-0.115;10.094;Capture
96;1542386379297;0.153;-0.105;10.094;Capture
97;1542386379302;0.163;-0.124;10.104;Capture
98;1542386379305;0.22;-0.096;10.151;Capture
99;1542386379310;0.163;-0.086;10.161;Capture
100;1542386379315;0.192;-0.153;10.075;Capture
101;1542386379320;0.153;-0.134;10.171;Capture
102;1542386379325;0.23;-0.096;10.199;Capture
103;1542386379330;0.201;-0.067;10.104;Capture
104;1542386379335;0.201;-0.115;10.123;Capture
105;1542386379340;0.153;-0.153;10.094;Capture
106;1542386379345;0.22;-0.057;10.036;Capture
107;1542386379350;0.201;-0.096;10.104;Capture
108;1542386379355;0.201;-0.115;10.151;Capture
109;1542386379360;0.192;-0.077;10.075;Capture
110;1542386379365;0.182;-0.115;10.084;Capture
111;1542386379370;0.153;-0.096;10.084;Capture
112;1542386379375;0.22;-0.077;10.151;Capture
113;1542386379380;0.211;-0.134;10.075;Capture
114;1542386379385;0.172;-0.086;10.104;Capture
115;1542386379390;0.211;-0.115;10.075;Capture
116;1542386379395;0.201;-0.096;10.142;Capture
117;1542386379400;0.201;-0.077;10.056;Capture
118;1542386379406;0.192;-0.096;10.094;Capture
119;1542386379412;0.201;-0.105;10.046;Capture
120;1542386379418;0.192;-0.096;10.142;Capture
121;1542386379420;0.239;-0.115;10.18;Capture
122;1542386379425;0.163;-0.067;10.123;Capture
123;1542386379430;0.182;-0.096;10.084;Capture
124;1542386379435;0.172;-0.105;10.132;Capture
125;1542386379440;0.287;-0.134;10.065;Capture
126;1542386379445;0.163;-0.096;10.113;Capture
127;1542386379450;0.172;-0.115;10.075;Capture
128;1542386379455;0.163;-0.134;10.142;Capture
129;1542386379460;0.192;-0.086;10.056;Capture
130;1542386379465;0.201;-0.144;10.132;Capture
131;1542386379470;0.201;-0.105;10.094;Capture
132;1542386379475;0.201;-0.124;10.084;Capture
133;1542386379480;0.23;-0.134;10.151;Capture
134;1542386379485;0.239;-0.077;10.084;Capture
135;1542386379490;0.192;-0.124;10.113;Capture
136;1542386379495;0.211;-0.124;10.104;Capture
137;1542386379500;0.144;-0.134;10.065;Capture
138;1542386379505;0.153;-0.115;10.075;Capture
139;1542386379510;0.144;-0.144;10.075;Capture
140;1542386379515;0.201;-0.105;10.123;Capture
141;1542386379520;0.153;-0.105;10.094;Capture
142;1542386379525;0.172;-0.067;10.151;Capture
143;1542386379530;0.172;-0.077;10.104;Capture
144;1542386379535;0.182;-0.105;10.104;Capture
145;1542386379540;0.182;-0.124;10.151;Capture
146;1542386379545;0.192;-0.057;10.151;Capture
147;1542386379550;0.192;-0.077;10.104;Capture
148;1542386379555;0.211;-0.115;10.113;Capture
149;1542386379560;0.182;-0.134;10.104;Capture
150;1542386379565;0.163;-0.105;10.075;Capture
151;1542386379570;0.201;-0.105;10.142;Capture
152;1542386379575;0.201;-0.115;10.151;Capture
153;1542386379580;0.211;-0.048;10.075;Capture
154;1542386379585;0.172;-0.048;10.123;Capture
155;1542386379590;0.182;-0.115;10.113;Capture
156;1542386379595;0.182;-0.105;10.142;Capture
157;1542386379600;0.192;-0.105;10.104;Capture
158;1542386379605;0.192;-0.105;10.075;Capture
159;1542386379613;0.201;-0.124;10.065;Capture
160;1542386379615;0.201;-0.096;10.084;Capture
161;1542386379620;0.172;-0.115;10.123;Capture
162;1542386379625;0.124;-0.057;10.151;Capture
163;1542386379630;0.163;-0.096;10.123;Capture
164;1542386379635;0.124;-0.067;10.104;Capture
165;1542386379640;0.182;-0.105;10.113;Capture
166;1542386379645;0.153;-0.105;10.151;Capture
167;1542386379650;0.105;-0.048;10.113;Capture
168;1542386379655;0.048;0.019;10.18;Capture
169;1542386379660;-0.096;0.105;10.171;Capture
170;1542386379665;-0.163;0.239;10.123;Capture
171;1542386379670;-0.22;0.373;10.161;Capture
172;1542386379676;-0.153;0.345;10.199;Capture
173;1542386379680;-0.019;0.172;10.104;Capture
174;1542386379685;0.297;-0.182;10.084;Capture
175;1542386379690;0.603;-0.306;10.094;Capture
176;1542386379695;0.871;-0.479;10.132;Capture
177;1542386379700;0.862;-0.345;10.123;Capture
178;1542386379705;0.622;-0.182;10.123;Capture
179;1542386379710;0.402;0.01;10.142;Capture
180;1542386379715;0.278;0.029;10.104;Capture
181;1542386379720;0.249;0.077;10.142;Capture
182;1542386379725;0.335;0.115;10.151;Capture
183;1542386379730;0.354;0.086;10.142;Capture
184;1542386379735;0.441;0.105;10.113;Capture
185;1542386379740;0.508;0.134;10.151;Capture
186;1542386379745;0.536;0.086;10.199;Capture
187;1542386379750;0.508;0.096;10.065;Capture
188;1542386379755;0.517;0.115;10.104;Capture
189;1542386379760;0.555;0.067;10.094;Capture
190;1542386379765;0.575;0.038;10.094;Capture
191;1542386379770;0.565;0.115;10.132;Capture
192;1542386379775;0.393;0.172;10.18;Capture
193;1542386379780;0.172;0.297;10.113;Capture
194;1542386379785;0.172;0.412;10.113;Capture
195;1542386379790;0.22;0.565;10.084;Capture
196;1542386379795;0.153;0.728;10.075;Capture
197;1542386379800;-0.038;0.986;10.113;Capture
198;1542386379805;0.048;0.986;10.132;Capture
199;1542386379810;-0.01;1.101;10.094;Capture
200;1542386379815;-0.163;1.226;10.199;Capture
201;1542386379820;-0.259;1.331;10.075;Capture
202;1542386379825;-0.335;1.35;10.123;Capture
203;1542386379830;-0.508;1.207;10.046;Capture
204;1542386379835;-0.613;1.168;10.084;Capture
205;1542386379840;-0.766;1.216;10.228;Capture
206;1542386379845;-0.91;1.226;10.027;Capture
207;1542386379850;-0.91;1.14;10.075;Capture
208;1542386379855;-0.632;1.015;10.151;Capture
209;1542386379860;-0.441;0.709;10.123;Capture
210;1542386379866;-0.192;0.603;10.046;Capture
211;1542386379870;0.057;0.441;10.084;Capture
212;1542386379876;0.067;0.412;10.094;Capture
213;1542386379880;0.23;0.46;10.084;Capture
214;1542386379885;0.469;0.565;10.084;Capture
215;1542386379890;0.517;0.737;10.266;Capture
216;1542386379895;0.603;0.881;9.969;Capture
217;1542386379900;0.728;0.958;10.046;Capture
218;1542386379905;0.728;1.044;10.056;Capture
219;1542386379910;0.546;1.216;10.065;Capture
220;1542386379915;0.421;1.379;10.132;Capture
221;1542386379920;0.144;1.561;10.008;Capture
222;1542386379925;-0.057;1.81;10.056;Capture
223;1542386379930;-0.134;1.81;10.017;Capture
224;1542386379935;-1.159;2.145;10.276;Capture
225;1542386379940;-1.437;2.116;10.036;Capture
226;1542386379945;-1.427;2.174;10.046;Capture
227;1542386379950;-1.293;2.002;9.874;Capture
228;1542386379955;-0.977;1.992;10.132;Capture
229;1542386379961;-0.766;1.82;10.056;Capture
230;1542386379965;-0.594;1.657;10.065;Capture
231;1542386379970;-0.498;1.561;10.18;Capture
232;1542386379976;-0.287;1.551;10.075;Capture
233;1542386379980;-0.067;1.618;10.094;Capture
234;1542386379985;0.048;1.494;10.046;Capture
235;1542386379990;0.23;1.494;10.247;Capture
236;1542386379996;0.431;1.331;10.008;Capture
237;1542386380000;0.613;1.235;10.218;Capture
238;1542386380005;0.785;1.149;10.161;Capture
239;1542386380010;0.843;1.188;10.199;Capture
240;1542386380015;1.12;1.168;10.209;Capture
241;1542386380020;1.235;1.092;10.094;Capture
242;1542386380025;1.322;1.092;10.218;Capture
243;1542386380030;1.245;1.197;10.084;Capture
244;1542386380036;1.178;1.159;9.931;Capture
245;1542386380041;0.996;1.053;9.864;Capture
246;1542386380045;0.737;1.101;9.922;Capture
247;1542386380050;0.517;1.235;10.084;Capture
248;1542386380055;0.22;1.235;10.142;Capture
249;1542386380060;0.077;1.245;9.969;Capture
250;1542386380066;-0.067;1.417;10.18;Capture
251;1542386380070;-0.144;1.293;10.276;Capture
252;1542386380075;-0.278;1.283;10.132;Capture
253;1542386380080;-0.345;1.034;9.998;Capture
254;1542386380086;-0.412;1.159;10.218;Capture
255;1542386380090;-0.46;1.13;10.084;Capture
256;1542386380095;-0.393;1.12;10.084;Capture
257;1542386380100;-0.517;1.197;10.017;Capture
258;1542386380105;-0.316;1.111;10.257;Capture
259;1542386380110;0.01;0.948;10.084;Capture
260;1542386380116;0.412;0.881;10.036;Capture
261;1542386380121;0.508;0.728;10.065;Capture
262;1542386380125;0.699;0.508;10.142;Capture
263;1542386380130;0.843;0.469;10.199;Capture
264;1542386380135;0.852;0.517;9.95;Capture
265;1542386380140;0.977;0.536;10.199;Capture
266;1542386380145;1.006;0.632;9.941;Capture
267;1542386380150;0.996;0.718;10.094;Capture
268;1542386380155;0.891;0.575;9.874;Capture
269;1542386380160;0.986;0.517;10.19;Capture
270;1542386380165;1.006;0.412;10.104;Capture
271;1542386380170;1.159;0.297;10.027;Capture
272;1542386380175;1.207;0.057;10.027;Capture
273;1542386380180;1.207;-0.096;10.19;Capture
274;1542386380185;1.188;-0.259;10.036;Capture
275;1542386380190;1.159;-0.517;9.941;Capture
276;1542386380195;1.178;-0.46;10.123;Capture
277;1542386380200;1.111;-0.306;9.912;Capture
278;1542386380205;0.699;-0.402;10.171;Capture
279;1542386380210;0.402;-0.488;10.228;Capture
280;1542386380215;0.354;-0.68;10.247;Capture
281;1542386380220;0.594;-0.891;10.18;Capture
282;1542386380225;1.197;-0.939;10.171;Capture
283;1542386380230;1.36;-0.977;9.922;Capture
284;1542386380236;1.35;-0.948;10.094;Capture
285;1542386380240;1.13;-0.948;10.199;Capture
286;1542386380245;0.737;-0.948;10.199;Capture
287;1542386380251;0.632;-0.852;10.094;Capture
288;1542386380255;0.488;-0.871;10.41;Capture
289;1542386380260;0.68;-0.891;9.912;Capture
290;1542386380265;0.737;-0.776;10.171;Capture
291;1542386380270;0.709;-0.757;10.199;Capture
292;1542386380275;0.632;-0.852;9.864;Capture
293;1542386380280;0.412;-0.986;10.448;Capture
294;1542386380285;0.239;-1.13;9.998;Capture
295;1542386380290;0.268;-1.302;10.046;Capture
296;1542386380295;0.287;-1.647;9.96;Capture
297;1542386380300;0.469;-1.915;10.151;Capture
298;1542386380306;0.402;-2.174;10.084;Capture
299;1542386380310;0.373;-2.404;10.276;Capture
300;1542386380315;0.124;-2.682;10.161;Capture
301;1542386380320;0.048;-2.911;10.285;Capture
302;1542386380326;0.077;-2.988;10.276;Capture
303;1542386380330;0;-3.112;10.065;Capture
304;1542386380336;-0.086;-3.208;9.922;Capture
305;1542386380341;-0.249;-3.084;10.305;Capture
306;1542386380345;-0.498;-3.141;9.969;Capture
307;1542386380350;-0.642;-3.026;9.768;Capture
308;1542386380355;-0.594;-3.026;9.893;Capture
309;1542386380360;-0.508;-2.95;9.941;Capture
310;1542386380365;-0.306;-2.931;9.998;Capture
311;1542386380370;-0.345;-2.921;10.084;Capture
312;1542386380375;-0.412;-2.816;10.056;Capture
313;1542386380380;-0.498;-2.739;9.941;Capture
314;1542386380385;-0.69;-2.624;10.18;Capture
315;1542386380390;-0.699;-2.567;10.132;Capture
316;1542386380395;-0.479;-2.605;9.835;Capture
317;1542386380400;-0.421;-2.682;10.084;Capture
318;1542386380405;-0.201;-2.796;9.989;Capture
319;1542386380410;-0.115;-2.672;10.084;Capture
320;1542386380415;-0.163;-2.662;9.931;Capture
321;1542386380420;-0.172;-2.538;10.008;Capture
322;1542386380425;-0.326;-2.394;10.142;Capture
323;1542386380430;-0.278;-2.279;10.056;Capture
324;1542386380435;-0.172;-2.04;10.113;Capture
325;1542386380440;-0.077;-1.915;10.046;Capture
326;1542386380445;-0.048;-1.982;10.075;Capture
327;1542386380450;-0.163;-1.848;10.046;Capture
328;1542386380456;-0.249;-1.638;10.094;Capture
329;1542386380460;-0.297;-1.446;10.084;Capture
330;1542386380465;-0.057;-1.532;10.046;Capture
331;1542386380470;0.297;0.153;10.094;Capture
332;1542386380476;0.287;-0.249;10.084;Capture
333;1542386380480;0.249;-0.096;10.104;Capture
334;1542386380485;0.172;-0.115;10.151;Capture
335;1542386380490;0.134;-0.144;10.056;Capture
336;1542386380495;0.182;-0.153;10.046;Capture
337;1542386380500;0.163;-0.144;10.104;Capture
338;1542386380505;0.192;-0.124;10.084;Capture
339;1542386380510;0.153;-0.172;10.065;Capture
340;1542386380515;0.057;-0.345;10.056;Capture
341;1542386380520;0.268;-0.201;10.094;Capture
342;1542386380526;0.278;-0.048;10.132;Capture
343;1542386380530;0.249;0.086;10.161;Capture
344;1542386380535;0.144;-0.115;10.113;Capture
345;1542386380540;0.134;-0.057;10.104;Capture
346;1542386380545;0.201;-0.067;10.094;Capture
347;1542386380551;0.192;-0.048;10.113;Capture
348;1542386380555;0.172;-0.115;10.094;Capture
349;1542386380560;0.144;-0.038;10.151;Capture
350;1542386380565;0.192;-0.048;10.132;Capture
351;1542386380570;0.182;-0.019;10.171;Capture
352;1542386380576;0.163;-0.01;10.18;Capture
353;1542386380580;0.153;-0.01;10.123;Capture
354;1542386380585;0.22;-0.029;10.084;Capture
355;1542386380590;0.192;-0.029;10.132;Capture
356;1542386380595;0.239;-0.067;10.132;Capture
357;1542386380601;0.211;-0.096;10.113;Capture
358;1542386380605;0.144;-0.048;10.161;Capture
359;1542386380612;0.134;-0.01;10.104;Capture
360;1542386380615;0.163;-0.067;10.113;Capture
361;1542386380620;0.134;-0.057;10.161;Capture
362;1542386380626;0.153;-0.096;10.19;Capture
363;1542386380630;0.163;-0.086;10.123;Capture
364;1542386380636;0.192;-0.105;10.132;Capture
365;1542386380640;0.153;-0.124;10.113;Capture
366;1542386380646;0.153;-0.124;10.113;Capture
367;1542386380650;0.163;-0.057;10.18;Capture
368;1542386380655;0.153;-0.134;10.094;Capture
369;1542386380660;0.134;-0.077;10.161;Capture
370;1542386380665;0.172;-0.057;10.113;Capture
371;1542386380670;0.163;-0.077;10.132;Capture
372;1542386380676;0.144;-0.096;10.113;Capture
373;1542386380681;0.182;-0.124;10.123;Capture
374;1542386380685;0.134;-0.316;10.104;Capture
375;1542386380690;0.163;-0.144;10.113;Capture
376;1542386380696;0.211;0.01;10.113;Capture
377;1542386380700;0.124;0.01;10.171;Capture
378;1542386380705;0.115;-0.067;10.104;Capture
379;1542386380710;0.067;-0.115;10.104;Capture
380;1542386380715;0.172;-0.057;10.065;Capture
381;1542386380720;0.124;-0.134;10.094;Capture
382;1542386380725;0.048;-0.201;10.056;Capture
383;1542386380730;-0.077;-0.096;10.065;Capture
384;1542386380735;-0.316;-0.086;10.113;Capture
385;1542386380740;-0.45;0.038;10.276;Capture
386;1542386380746;-0.546;0.105;10.084;Capture
387;1542386380750;0.45;-0.172;10.209;Capture
388;1542386380755;-0.287;0.019;10.056;Capture
389;1542386380760;-0.335;-0.067;10.343;Capture
390;1542386380765;-1.628;0.115;10.104;Capture
391;1542386380770;-2.662;0.124;9.404;Capture
392;1542386380775;-1.896;-0.01;11.023;Capture
393;1542386380781;-2.519;0.172;10.429;Capture
394;1542386380785;-2.682;0.115;10.199;Capture
395;1542386380790;-2.998;0.086;10.199;Capture
396;1542386380796;-3.256;0.01;10.084;Capture
397;1542386380800;-3.294;-0.019;10.094;Capture
398;1542386380805;-3.16;-0.048;10.228;Capture
399;1542386380810;-3.227;-0.019;10.161;Capture
400;1542386380815;-3.093;0.048;10.285;Capture
401;1542386380820;-2.921;0.096;10.142;Capture
402;1542386380825;-2.969;0.048;10.247;Capture
403;1542386380830;-3.055;-0.01;10.391;Capture
404;1542386380835;-2.902;-0.086;10.266;Capture
405;1542386380840;-2.528;-0.057;10.956;Capture
406;1542386380845;-2.241;-0.163;9.912;Capture
407;1542386380850;-2.155;-0.172;10.18;Capture
408;1542386380856;-2.126;-0.22;9.989;Capture
409;1542386380860;-1.887;-0.144;9.979;Capture
410;1542386380865;-1.35;-0.192;10.142;Capture
411;1542386380870;-1.149;-0.23;10.075;Capture
412;1542386380875;-1.111;-0.316;10.333;Capture
413;1542386380880;-1.149;-0.488;10.142;Capture
414;1542386380885;-1.283;-0.469;10.439;Capture
415;1542386380890;-1.437;-0.488;10.199;Capture
416;1542386380895;-1.628;-0.517;10.774;Capture
417;1542386380900;-1.925;-0.402;10.534;Capture
418;1542386380905;-1.81;-0.144;10.285;Capture
419;1542386380910;-2.107;-0.086;10.132;Capture
420;1542386380915;-2.136;-0.029;10.084;Capture
421;1542386380920;-2.021;-0.124;10.027;Capture
422;1542386380925;-1.973;-0.201;10.017;Capture
423;1542386380930;-1.982;-0.278;9.778;Capture
424;1542386380935;-1.59;-0.163;10.065;Capture
425;1542386380940;-1.274;-0.038;10.123;Capture
426;1542386380945;-1.159;-0.038;10.104;Capture
427;1542386380950;-1.13;-0.115;10.104;Capture
428;1542386380955;-1.092;-0.153;9.912;Capture
429;1542386380960;-1.034;0;10.161;Capture
430;1542386380965;-1.12;0;9.883;Capture
431;1542386380970;-1.13;0;10.554;Capture
432;1542386380975;-0.91;0.01;10.372;Capture
433;1542386380980;-1.092;0.01;9.883;Capture
434;1542386380985;-1.226;-0.01;10.42;Capture
435;1542386380990;-1.235;0.019;10.104;Capture
436;1542386380995;-1.073;0.048;10.362;Capture
437;1542386381000;-0.584;0.115;10.238;Capture
438;1542386381005;0.105;0.105;10.171;Capture
439;1542386381010;0.881;-0.01;10.314;Capture
440;1542386381015;1.475;-0.259;9.682;Capture
441;1542386381020;1.906;-0.297;10.448;Capture
442;1542386381025;2.279;-0.287;10.247;Capture
443;1542386381030;1.992;-0.345;10.161;Capture
444;1542386381035;1.982;-0.402;10.266;Capture
445;1542386381040;1.714;-0.239;10.19;Capture
446;1542386381045;1.504;-0.153;10.056;Capture
447;1542386381050;0.986;0.057;10.353;Capture
448;1542386381055;0.297;0.182;10.151;Capture
449;1542386381060;0.306;0.278;10.372;Capture
450;1542386381065;0.594;0.402;10.142;Capture
451;1542386381070;1.063;0.546;9.845;Capture
452;1542386381075;0.977;0.268;10.343;Capture
453;1542386381080;1.14;0.172;10.104;Capture
454;1542386381085;1.044;-0.038;10.075;Capture
455;1542386381090;1.14;-0.22;10.171;Capture
456;1542386381095;1.274;-0.306;9.979;Capture
457;1542386381100;1.35;-0.211;10.094;Capture
458;1542386381105;1.762;-0.019;10.305;Capture
459;1542386381110;1.618;-0.048;9.874;Capture
460;1542386381115;1.369;-0.201;10.467;Capture
461;1542386381120;1.743;-0.383;10.333;Capture
462;1542386381125;2.164;-0.469;10.381;Capture
463;1542386381130;2.107;-0.45;9.922;Capture
464;1542386381136;2.04;-0.469;10.171;Capture
465;1542386381140;1.724;-0.393;10.075;Capture
466;1542386381145;1.896;-0.412;10.036;Capture
467;1542386381150;1.724;-0.469;10.171;Capture
468;1542386381156;1.973;-0.45;10.18;Capture
469;1542386381160;1.791;-0.364;9.558;Capture
470;1542386381165;1.408;-0.268;10.123;Capture
471;1542386381170;1.437;-0.268;10.056;Capture
472;1542386381175;1.733;-0.077;10.209;Capture
473;1542386381180;2.078;-0.268;10.027;Capture
474;1542386381185;2.298;-0.326;10.151;Capture
475;1542386381190;2.241;-0.421;10.18;Capture
476;1542386381195;2.097;-0.45;10.314;Capture
477;1542386381200;2.088;-0.498;10.448;Capture
478;1542386381205;2.27;-0.536;9.998;Capture
479;1542386381210;2.049;-0.508;10.496;Capture
480;1542386381215;1.494;-0.412;9.931;Capture
481;1542386381220;1.772;-0.517;10.266;Capture
482;1542386381225;1.686;-0.718;10.075;Capture
483;1542386381230;1.551;-0.891;10.161;Capture
484;1542386381235;1.504;-0.939;10.305;Capture
485;1542386381240;1.465;-0.9;10.056;Capture
486;1542386381245;1.255;-0.728;9.385;Capture
487;1542386381250;1.025;-0.383;9.835;Capture
488;1542386381256;0.69;-0.192;10.094;Capture
489;1542386381260;0.709;-0.134;10.228;Capture
490;1542386381266;0.891;-0.01;10.084;Capture
491;1542386381270;1.149;0.124;10.094;Capture
492;1542386381275;1.417;0.144;10.238;Capture
493;1542386381280;1.465;0.211;10.324;Capture
494;1542386381286;1.686;0.383;10.19;Capture
495;1542386381290;2.298;0.268;9.768;Capture
496;1542386381295;2.097;0.23;10.247;Capture
497;1542386381300;1.944;0;10.171;Capture
498;1542386381305;1.762;-0.077;10.084;Capture
499;1542386381310;2.251;-0.259;10.372;Capture
500;1542386381316;2.069;-0.239;10.056;Capture
501;1542386381320;2.03;-0.144;10.008;Capture
502;1542386381325;2.212;-0.038;10.075;Capture
503;1542386381330;2.231;0.048;10.161;Capture
504;1542386381335;2.289;0.077;10.247;Capture
505;1542386381340;2.222;0.086;10.257;Capture
506;1542386381345;2.078;0.048;10.19;Capture
507;1542386381350;1.992;0.029;10.209;Capture
508;1542386381355;1.8;0.029;10.151;Capture
509;1542386381360;1.504;-0.077;10.18;Capture
510;1542386381365;1.178;-0.086;10.218;Capture
511;1542386381370;0.785;-0.124;10.084;Capture
512;1542386381375;0.517;-0.124;10.171;Capture
513;1542386381380;0.287;-0.134;10.209;Capture
514;1542386381385;0.144;-0.124;10.142;Capture
515;1542386381390;0.048;-0.153;10.113;Capture
516;1542386381395;0.029;-0.144;10.132;Capture
517;1542386381400;0.077;-0.201;10.123;Capture
518;1542386381405;0.268;-0.153;10.132;Capture
519;1542386381410;0.326;-0.086;10.142;Capture
520;1542386381415;0.297;-0.019;10.142;Capture
521;1542386381420;0.297;-0.019;10.171;Capture
522;1542386381425;0.23;0.01;10.151;Capture
523;1542386381430;0.249;0.057;10.18;Capture
524;1542386381435;0.201;0.048;10.171;Capture
525;1542386381440;0.134;0.019;10.171;Capture
526;1542386381445;0.057;0.067;10.171;Capture
527;1542386381450;0.048;0.096;10.218;Capture
528;1542386381455;0.038;0.048;10.199;Capture
529;1542386381460;0.057;-0.029;10.142;Capture
530;1542386381466;0.096;-0.067;10.171;Capture
531;1542386381470;0.077;-0.038;10.171;Capture
532;1542386381475;0.105;-0.057;10.142;Capture
533;1542386381480;0.134;-0.029;10.247;Capture
534;1542386381485;0.134;-0.029;10.161;Capture
535;1542386381490;0.134;-0.077;10.151;Capture
536;1542386381495;0.124;-0.067;10.171;Capture
537;1542386381500;0.124;-0.019;10.199;Capture
538;1542386381505;0.134;-0.096;10.132;Capture
539;1542386381510;0.096;-0.115;9.969;Capture
540;1542386381515;0.067;-0.057;10.199;Capture
541;1542386381520;0.077;-0.096;10.132;Capture
542;1542386381525;0.115;-0.096;10.151;Capture
543;1542386381530;0.077;-0.086;10.151;Capture
544;1542386381535;0.077;-0.048;10.161;Capture
545;1542386381540;0.096;-0.124;10.132;Capture
546;1542386381545;0.115;-0.057;10.171;Capture
547;1542386381550;-0.048;-0.124;10.295;Capture
548;1542386381555;0.105;-0.057;10.218;Capture
549;1542386381560;0.153;-0.048;10.123;Capture
550;1542386381565;0.115;-0.086;10.113;Capture
551;1542386381570;0.134;-0.096;10.113;Capture
552;1542386381575;0.192;-0.086;10.142;Capture
553;1542386381580;0.105;-0.077;10.171;Capture
554;1542386381585;0.124;-0.105;10.161;Capture
555;1542386381590;0.124;-0.057;10.123;Capture
556;1542386381595;0.077;-0.077;10.142;Capture
557;1542386381600;0.086;-0.038;10.132;Capture
558;1542386381605;0.086;-0.038;10.132;Capture
559;1542386381613;0.077;-0.067;10.132;Capture
560;1542386381615;0.077;-0.019;10.161;Capture
561;1542386381620;0.134;-0.105;10.142;Capture
562;1542386381625;0.124;-0.086;10.113;Capture
563;1542386381630;0.115;-0.029;10.132;Capture
564;1542386381635;0.172;-0.019;10.104;Capture
565;1542386381640;0.182;-0.057;10.18;Capture
566;1542386381645;0.163;-0.029;10.123;Capture
567;1542386381650;0.115;-0.038;10.151;Capture
568;1542386381655;0.144;-0.067;10.151;Capture
569;1542386381660;0.096;-0.057;10.123;Capture
570;1542386381665;0.096;-0.086;10.113;Capture
571;1542386381670;0.096;-0.067;10.142;Capture
572;1542386381675;0.086;-0.096;10.123;Capture
573;1542386381680;0.086;-0.038;10.161;Capture
574;1542386381685;0.124;-0.057;10.142;Capture
575;1542386381690;0.163;-0.048;10.084;Capture
576;1542386381695;0.172;-0.077;10.123;Capture
577;1542386381700;0.086;-0.077;10.113;Capture
578;1542386381705;0.124;-0.086;10.104;Capture
579;1542386381710;0.153;-0.096;10.113;Capture
580;1542386381716;0.077;-0.086;10.142;Capture
581;1542386381720;0.077;-0.115;10.151;Capture
582;1542386381725;0.048;-0.057;10.161;Capture
583;1542386381730;0.077;-0.086;10.132;Capture
584;1542386381735;0.086;-0.077;10.113;Capture
585;1542386381740;0.048;-0.096;10.18;Capture
586;1542386381745;0.105;-0.057;10.161;Capture
587;1542386381750;0.086;-0.115;10.18;Capture
588;1542386381755;0.115;-0.057;10.209;Capture
589;1542386381769;0.096;-0.067;10.094;Capture
590;1542386381770;0.134;-0.048;10.199;Capture
591;1542386381774;0.067;-0.077;10.094;Capture
592;1542386381776;0.124;-0.096;10.132;Capture
593;1542386381780;0.124;-0.086;10.151;Capture
594;1542386381786;0.077;-0.096;10.094;Capture
595;1542386381790;0.115;-0.105;10.094;Capture
596;1542386381795;0.096;-0.057;10.209;Capture
597;1542386381801;0.086;-0.038;10.123;Capture
598;1542386381805;0.124;-0.105;10.123;Capture
599;1542386381810;0.067;-0.038;10.113;Capture
600;1542386381815;0.105;-0.086;10.113;Capture
601;1542386381820;0.134;-0.057;10.104;Capture
602;1542386381826;0.153;-0.029;10.161;Capture
603;1542386381830;0.105;-0.096;10.123;Capture
604;1542386381836;0.124;-0.038;10.171;Capture
605;1542386381840;0.124;-0.019;10.171;Capture
606;1542386381845;0.115;-0.096;10.142;Capture
607;1542386381850;0.124;-0.105;10.084;Capture
608;1542386381855;0.096;-0.096;10.171;Capture
609;1542386381860;0.077;-0.067;10.199;Capture
610;1542386381865;0.105;-0.077;10.161;Capture
611;1542386381870;0.105;-0.067;10.075;Capture
612;1542386381875;0.096;-0.086;10.132;Capture
613;1542386381880;0.115;-0.067;10.113;Capture
614;1542386381885;0.115;-0.067;10.104;Capture
615;1542386381890;0.115;-0.067;10.132;Capture
616;1542386381895;0.077;-0.067;10.094;Capture
617;1542386381900;0.144;-0.124;10.084;Capture
618;1542386381905;0.153;-0.115;10.036;Capture
619;1542386381910;0.096;-0.105;10.171;Capture
620;1542386381915;0.096;-0.057;10.18;Capture
621;1542386381920;0.019;-0.019;10.266;Capture
622;1542386381926;0.134;-0.096;10.142;Capture
623;1542386381930;0.153;-0.124;10.027;Capture
624;1542386381935;0.105;-0.086;10.075;Capture
625;1542386381940;0.144;-0.067;10.008;Capture
626;1542386381945;0.077;-0.096;10.18;Capture
627;1542386381950;0.192;-0.115;10.084;Capture
628;1542386381955;0.115;-0.067;10.314;Capture
629;1542386381960;0.163;-0.144;9.989;Capture
630;1542386381965;0.124;-0.086;10.151;Capture
631;1542386381970;0.124;-0.048;10.199;Capture
632;1542386381975;0.086;-0.048;10.046;Capture
633;1542386381980;0.086;-0.086;10.017;Capture
634;1542386381985;0.115;-0.029;10.104;Capture
635;1542386381990;0.115;-0.115;10.161;Capture
636;1542386381995;0.077;-0.067;10.218;Capture
637;1542386382000;0.086;-0.105;10.084;Capture
638;1542386382005;0.144;-0.029;10.065;Capture
639;1542386382010;0.115;-0.067;10.123;Capture
640;1542386382015;0.105;-0.077;10.084;Capture
641;1542386382020;0.153;-0.086;10.084;Capture
642;1542386382025;0.163;-0.057;10.084;Capture
643;1542386382030;0.134;-0.124;10.123;Capture
644;1542386382035;0.086;-0.038;10.19;Capture
645;1542386382040;0.124;-0.019;10.123;Capture
646;1542386382045;0.096;-0.057;10.036;Capture
647;1542386382050;0.105;-0.01;10.161;Capture
648;1542386382056;0.077;-0.029;10.094;Capture
649;1542386382060;0.096;-0.077;10.104;Capture
650;1542386382065;0.096;-0.038;10.18;Capture
651;1542386382070;0.086;-0.048;10.113;Capture
652;1542386382075;0.096;-0.057;10.171;Capture
653;1542386382080;0.105;-0.019;10.094;Capture
654;1542386382085;0.086;-0.048;10.094;Capture
655;1542386382090;0.153;-0.077;10.113;Capture
656;1542386382095;0.105;-0.086;10.238;Capture
657;1542386382100;0.134;-0.019;10.113;Capture
658;1542386382106;0.067;-0.115;10.084;Capture
659;1542386382110;0.144;-0.115;10.18;Capture
660;1542386382115;0.086;-0.086;10.094;Capture
661;1542386382120;0.086;-0.057;10.027;Capture
662;1542386382125;0.115;-0.115;10.084;Capture
663;1542386382130;0.048;-0.134;10.113;Capture
664;1542386382135;0.077;-0.086;10.094;Capture
665;1542386382140;0.048;-0.163;10.161;Capture
666;1542386382145;0.077;-0.096;10.123;Capture
667;1542386382150;-0.029;-0.115;10.094;Capture
668;1542386382155;-0.211;-0.067;10.161;Capture
669;1542386382160;-0.565;0.029;10.161;Capture
670;1542386382165;-0.737;-0.019;10.094;Capture
671;1542386382170;-0.833;-0.057;10.113;Capture
672;1542386382175;-0.661;-0.057;10.123;Capture
673;1542386382180;-0.661;-0.182;10.113;Capture
674;1542386382186;-0.728;-0.115;10.218;Capture
675;1542386382190;-0.546;-0.029;10.142;Capture
676;1542386382195;0.038;-0.144;10.075;Capture
677;1542386382200;0.508;-0.153;10.113;Capture
678;1542386382205;1.053;-0.086;10.209;Capture
679;1542386382210;1.427;-0.019;10.065;Capture
680;1542386382215;1.906;-0.124;10.084;Capture
681;1542386382220;1.714;-0.057;10.18;Capture
682;1542386382225;0.69;0.259;10.065;Capture
683;1542386382230;0.23;0.019;10.123;Capture
684;1542386382236;0.086;-0.086;10.017;Capture
685;1542386382240;0.115;0.01;10.19;Capture
686;1542386382246;0.153;-0.01;10.171;Capture
687;1542386382250;0.124;-0.134;10.065;Capture
688;1542386382255;0.364;-0.364;10.036;Capture
689;1542386382260;0.297;-0.431;10.094;Capture
690;1542386382265;0.153;-0.268;10.075;Capture
691;1542386382270;-0.287;0.048;10.094;Capture
692;1542386382276;-0.259;0.364;10.209;Capture
693;1542386382280;0;0.172;10.218;Capture
694;1542386382285;0.163;0.01;10.142;Capture
695;1542386382290;0.153;-0.019;10.065;Capture
696;1542386382295;-0.01;0.019;10.113;Capture
697;1542386382300;-0.105;0.048;10.247;Capture
698;1542386382305;-0.067;0.096;10.142;Capture
699;1542386382310;0.201;-0.019;10.084;Capture
700;1542386382315;0.622;-0.249;10.046;Capture
701;1542386382320;0.297;-0.067;10.056;Capture
702;1542386382326;0.057;-0.192;10.084;Capture
703;1542386382330;0.115;-0.144;10.036;Capture
704;1542386382335;0.364;-0.048;10.132;Capture
705;1542386382340;0.814;-0.699;9.989;Capture
706;1542386382345;0.354;-0.345;10.027;Capture
707;1542386382350;0.019;0.268;10.439;Capture
708;1542386382355;0.268;0.019;10.18;Capture
709;1542386382360;0.316;0;10.18;Capture
710;1542386382365;0.441;0.182;10.362;Capture
711;1542386382370;0.862;0.172;10.458;Capture
712;1542386382375;1.063;0.057;11.176;Capture
713;1542386382380;0.642;-0.096;11.732;Capture
714;1542386382385;0.019;-0.22;10.602;Capture
715;1542386382390;-0.192;-0.259;9.481;Capture
716;1542386382396;-0.211;-0.086;9.519;Capture
717;1542386382400;-0.163;0;9.787;Capture
718;1542386382405;-0.105;-0.124;9.931;Capture
719;1542386382410;-0.153;-0.239;10.113;Capture
720;1542386382415;-0.057;-0.488;10.151;Capture
721;1542386382420;0.23;-1.082;10.496;Capture
722;1542386382425;-0.306;-0.967;10.094;Capture
723;1542386382430;-0.737;-0.393;9.95;Capture
724;1542386382436;-0.527;0.01;10.046;Capture
725;1542386382440;-0.019;0.067;10.171;Capture
726;1542386382445;0.096;0.019;10.171;Capture
727;1542386382450;0.01;0.105;10.056;Capture
728;1542386382455;-0.22;0.239;10.199;Capture
729;1542386382460;0.077;0.086;10.324;Capture
730;1542386382465;0.201;0.038;10.285;Capture
731;1542386382470;0.192;0.124;10.353;Capture
732;1542386382475;0.45;0.029;10.372;Capture
733;1542386382480;0.517;-0.239;10.218;Capture
734;1542386382485;0.019;-0.316;10.113;Capture
735;1542386382490;-0.153;-0.182;10.669;Capture
736;1542386382496;0.22;-0.651;11.569;Capture
737;1542386382500;0.891;-0.91;11.435;Capture
738;1542386382505;-0.335;-0.134;10.975;Capture
739;1542386382510;-0.91;0.259;10.898;Capture
740;1542386382516;-0.862;0.172;10.965;Capture
741;1542386382520;-0.776;-0.067;10.669;Capture
742;1542386382526;-0.622;-0.239;10.372;Capture
743;1542386382530;-0.536;-0.268;10.276;Capture
744;1542386382536;-0.297;-0.163;10.697;Capture
745;1542386382540;-0.153;-0.211;11.1;Capture
746;1542386382545;-0.077;-0.259;11.559;Capture
747;1542386382550;0.019;-0.373;11.703;Capture
748;1542386382555;0.038;-0.364;11.76;Capture
749;1542386382560;0;-0.373;11.684;Capture
750;1542386382565;-0.144;-0.259;11.99;Capture
751;1542386382570;-0.373;-0.22;12.392;Capture
752;1542386382575;-0.632;-0.326;12.967;Capture
753;1542386382580;-0.565;-0.469;13.168;Capture
754;1542386382585;-0.287;-0.67;13.245;Capture
755;1542386382590;0.077;-0.871;13.331;Capture
756;1542386382595;0.192;-0.977;13.427;Capture
757;1542386382600;0.163;-0.958;13.455;Capture
758;1542386382605;0.077;-0.833;13.388;Capture
759;1542386382612;-0.115;-0.68;13.187;Capture
760;1542386382615;-0.192;-0.613;12.986;Capture
761;1542386382620;-0.249;-0.555;12.756;Capture
762;1542386382625;-0.239;-0.546;12.651;Capture
763;1542386382630;-0.153;-0.488;12.795;Capture
764;1542386382635;-0.134;-0.45;12.929;Capture
765;1542386382640;-0.086;-0.412;12.977;Capture
766;1542386382645;-0.01;-0.421;12.785;Capture
767;1542386382650;0.029;-0.45;12.565;Capture
768;1542386382655;0.105;-0.412;12.316;Capture
769;1542386382660;0.22;-0.479;12.345;Capture
770;1542386382666;0.278;-0.594;12.431;Capture
771;1542386382670;0.393;-0.709;12.459;Capture
772;1542386382675;0.153;-0.68;12.44;Capture
773;1542386382680;0.373;-0.814;12.392;Capture
774;1542386382685;0.211;-0.977;12.517;Capture
775;1542386382690;0.364;-1.082;12.459;Capture
776;1542386382695;0.201;-1.149;12.316;Capture
777;1542386382700;0.22;-1.149;12.23;Capture
778;1542386382705;0.335;-1.245;11.981;Capture
779;1542386382710;0.536;-1.149;11.779;Capture
780;1542386382715;0.546;-1.111;11.789;Capture
781;1542386382720;0.575;-1.034;11.693;Capture
782;1542386382725;0.383;-0.9;11.866;Capture
783;1542386382730;0.048;-0.91;12;Capture
784;1542386382735;-0.134;-0.986;12.028;Capture
785;1542386382740;-0.594;-1.025;12.153;Capture
786;1542386382745;-0.737;-1.216;12.191;Capture
787;1542386382750;-0.575;-1.379;12.268;Capture
788;1542386382756;-0.259;-1.369;12.459;Capture
789;1542386382760;0.144;-1.207;12.498;Capture
790;1542386382766;0.661;-1.053;12.373;Capture
791;1542386382770;1.015;-0.996;12.201;Capture
792;1542386382776;0.996;-1.111;12.057;Capture
793;1542386382780;0.967;-1.082;12.096;Capture
794;1542386382785;0.881;-1.13;12.23;Capture
795;1542386382790;0.785;-1.092;12.163;Capture
796;1542386382795;0.632;-0.996;12.009;Capture
797;1542386382800;0.326;-0.824;12.009;Capture
798;1542386382805;0.048;-0.795;12.287;Capture
799;1542386382810;-0.211;-0.709;12.919;Capture
800;1542386382815;-0.421;-0.814;12.948;Capture
801;1542386382820;-0.488;-0.785;12.766;Capture
802;1542386382825;-0.469;-0.833;12.699;Capture
803;1542386382830;-0.46;-0.833;12.641;Capture
804;1542386382835;-0.45;-0.795;12.661;Capture
805;1542386382840;-0.383;-0.69;12.479;Capture
806;1542386382845;-0.316;-0.584;12.23;Capture
807;1542386382850;-0.201;-0.632;12.057;Capture
808;1542386382855;0.23;-0.757;11.779;Capture
809;1542386382860;0.699;-0.833;11.578;Capture
810;1542386382865;1.034;-0.709;11.358;Capture
811;1542386382870;1.015;-0.603;11.071;Capture
812;1542386382875;0.929;-0.393;10.726;Capture
813;1542386382880;0.824;-0.287;10.343;Capture
814;1542386382885;0.603;-0.364;10.142;Capture
815;1542386382890;0.345;-0.287;10.247;Capture
816;1542386382895;-0.01;-0.115;10.41;Capture
817;1542386382900;-0.268;0.019;10.439;Capture
818;1542386382905;-0.335;0.057;10.515;Capture
819;1542386382910;-0.144;0.077;10.745;Capture
820;1542386382915;0.048;-0.038;10.726;Capture
821;1542386382920;0.029;-0.057;10.515;Capture
822;1542386382925;-0.249;0.086;10.238;Capture
823;1542386382930;-0.546;0.086;10.017;Capture
824;1542386382935;-0.603;0.144;9.826;Capture
825;1542386382940;-0.603;0.144;9.558;Capture
826;1542386382945;-0.479;0.297;9.242;Capture
827;1542386382950;-0.326;0.46;9.012;Capture
828;1542386382955;-0.144;0.364;9.088;Capture
829;1542386382960;-0.01;0.278;8.964;Capture
830;1542386382965;-0.019;0.316;8.964;Capture
831;1542386382970;0.057;0.364;9.069;Capture
832;1542386382975;0.182;0.354;9.232;Capture
833;1542386382980;0.345;0.182;9.347;Capture
834;1542386382985;0.479;0.192;9.232;Capture
835;1542386382990;0.469;0.22;9.203;Capture
836;1542386382995;0.326;0.22;9.05;Capture
837;1542386383000;0.182;0.22;8.859;Capture
838;1542386383005;-0.134;0.249;8.581;Capture
839;1542386383010;-0.479;0.153;8.456;Capture
840;1542386383015;-0.747;0.23;8.399;Capture
841;1542386383020;-0.948;0.23;8.188;Capture
842;1542386383025;-0.996;0.354;7.738;Capture
843;1542386383030;-0.862;0.46;7.259;Capture
844;1542386383035;-0.737;0.469;6.78;Capture
845;1542386383040;-0.67;0.555;6.388;Capture
846;1542386383045;-0.622;0.68;6.321;Capture
847;1542386383050;-0.699;0.948;6.455;Capture
848;1542386383055;-0.814;1.034;6.665;Capture
849;1542386383060;-0.833;0.958;7.183;Capture
850;1542386383065;-0.699;0.699;7.642;Capture
851;1542386383070;-0.603;0.527;7.92;Capture
852;1542386383076;-0.546;0.508;8.025;Capture
853;1542386383080;-0.393;0.565;8.083;Capture
854;1542386383085;-0.239;0.508;7.958;Capture
855;1542386383090;-0.115;0.498;7.767;Capture
856;1542386383096;-0.201;0.46;7.547;Capture
857;1542386383100;-0.23;0.46;7.259;Capture
858;1542386383105;-0.287;0.517;7.096;Capture
859;1542386383110;-0.306;0.575;6.943;Capture
860;1542386383116;-0.421;0.594;6.761;Capture
861;1542386383120;-0.565;0.709;6.685;Capture
862;1542386383125;-0.67;0.766;6.857;Capture
863;1542386383130;-0.632;0.747;7.077;Capture
864;1542386383135;-0.642;0.804;7.135;Capture
865;1542386383140;-0.824;0.795;7.192;Capture
866;1542386383145;-1.073;0.91;7.259;Capture
867;1542386383150;-1.101;0.9;7.317;Capture
868;1542386383155;-0.939;0.728;7.508;Capture
869;1542386383160;-0.565;0.632;7.834;Capture
870;1542386383165;-0.412;0.536;7.958;Capture
871;1542386383170;-0.431;0.594;8.025;Capture
872;1542386383175;-0.517;0.622;8.016;Capture
873;1542386383180;-0.584;0.795;7.968;Capture
874;1542386383185;-0.575;0.929;7.958;Capture
875;1542386383190;-0.642;0.891;7.901;Capture
876;1542386383195;-0.67;0.795;7.997;Capture
877;1542386383200;-0.814;0.939;8.169;Capture
878;1542386383205;-1.044;0.871;8.246;Capture
879;1542386383210;-1.053;0.929;8.361;Capture
880;1542386383215;-0.852;0.948;8.38;Capture
881;1542386383220;-0.642;1.025;8.428;Capture
882;1542386383225;-0.536;1.025;8.59;Capture
883;1542386383230;-0.421;1.034;8.744;Capture
884;1542386383235;-0.402;1.082;8.897;Capture
885;1542386383240;-0.46;1.101;9.021;Capture
886;1542386383245;-0.373;1.082;9.165;Capture
887;1542386383250;-0.354;0.919;9.232;Capture
888;1542386383255;-0.354;0.939;9.376;Capture
889;1542386383269;-0.345;0.814;9.596;Capture
890;1542386383270;-0.192;0.718;9.634;Capture
891;1542386383271;-0.153;0.737;9.462;Capture
892;1542386383275;-0.306;0.747;9.242;Capture
893;1542386383280;-0.68;0.91;9.031;Capture
894;1542386383285;-0.977;1.063;8.61;Capture
895;1542386383290;-1.14;0.958;8.562;Capture
896;1542386383296;-1.216;0.824;8.466;Capture
897;1542386383300;-1.188;0.814;8.188;Capture
898;1542386383305;-1.178;0.843;7.939;Capture
899;1542386383310;-1.178;0.948;7.901;Capture
900;1542386383315;-1.188;0.929;7.853;Capture
901;1542386383320;-1.188;0.967;8.045;Capture
902;1542386383325;-1.14;0.91;8.159;Capture
903;1542386383330;-1.006;0.843;8.322;Capture
904;1542386383335;-0.9;0.881;8.418;Capture
905;1542386383340;-0.891;0.919;8.447;Capture
906;1542386383345;-0.795;0.843;8.475;Capture
907;1542386383350;-0.804;0.795;8.456;Capture
908;1542386383355;-1.025;0.776;8.447;Capture
909;1542386383360;-1.034;0.833;8.466;Capture
910;1542386383365;-0.929;0.833;8.744;Capture
911;1542386383370;-0.766;0.871;8.878;Capture
912;1542386383375;-0.709;0.91;9.098;Capture
913;1542386383380;-0.699;0.9;9.347;Capture
914;1542386383385;-0.747;0.776;9.644;Capture
915;1542386383390;-0.776;0.651;9.768;Capture
916;1542386383395;-0.804;0.527;9.807;Capture
917;1542386383400;-0.728;0.479;9.778;Capture
918;1542386383405;-0.871;0.441;9.787;Capture
919;1542386383410;-0.91;0.412;9.692;Capture
920;1542386383415;-0.833;0.354;9.653;Capture
921;1542386383420;-0.804;0.354;9.471;Capture
922;1542386383425;-0.785;0.259;9.318;Capture
923;1542386383430;-0.824;0.268;9.165;Capture
924;1542386383436;-0.843;0.383;9.031;Capture
925;1542386383440;-0.967;0.508;9.05;Capture
926;1542386383446;-0.958;0.431;9.184;Capture
927;1542386383450;-0.757;0.326;9.433;Capture
928;1542386383455;-0.709;0.364;9.491;Capture
929;1542386383460;-0.69;0.421;9.558;Capture
930;1542386383465;-0.709;0.498;9.692;Capture
931;1542386383470;-0.642;0.479;9.893;Capture
932;1542386383475;-0.622;0.45;10.075;Capture
933;1542386383480;-0.546;0.354;10.19;Capture
934;1542386383485;-0.508;0.316;10.372;Capture
935;1542386383490;-0.536;0.306;10.333;Capture
936;1542386383495;-0.565;0.364;10.276;Capture
937;1542386383500;-0.527;0.287;10.305;Capture
938;1542386383505;-0.527;0.201;10.333;Capture
939;1542386383510;-0.661;0.249;10.238;Capture
940;1542386383515;-0.824;0.326;10.171;Capture
941;1542386383520;-0.939;0.335;10.18;Capture
942;1542386383525;-0.939;0.306;10.046;Capture
943;1542386383530;-0.862;0.211;9.931;Capture
944;1542386383535;-0.843;0.115;9.989;Capture
945;1542386383540;-1.015;0.019;9.969;Capture
946;1542386383545;-1.082;0.019;10.046;Capture
947;1542386383550;-0.871;0.038;10.199;Capture
948;1542386383555;-0.603;0.038;10.362;Capture
949;1542386383560;-0.287;0.096;10.458;Capture
950;1542386383565;-0.144;0.057;10.467;Capture
951;1542386383570;-0.192;0.105;10.506;Capture
952;1542386383575;-0.211;0.096;10.458;Capture
953;1542386383581;-0.412;0.096;10.353;Capture
954;1542386383585;-0.603;0.105;10.343;Capture
955;1542386383590;-0.757;0.057;10.199;Capture
956;1542386383595;-0.862;-0.019;10.113;Capture
957;1542386383600;-0.967;-0.115;9.989;Capture
958;1542386383605;-0.929;-0.115;9.902;Capture
959;1542386383612;-0.967;-0.067;9.797;Capture
960;1542386383615;-0.891;-0.086;9.768;Capture
961;1542386383621;-0.766;-0.134;9.845;Capture
962;1542386383625;-0.747;-0.105;9.893;Capture
963;1542386383630;-0.728;-0.211;9.902;Capture
964;1542386383636;-0.785;-0.211;9.816;Capture
965;1542386383640;-0.833;-0.124;9.73;Capture
966;1542386383645;-0.69;-0.067;9.385;Capture
967;1542386383650;-0.622;-0.019;9.155;Capture
968;1542386383656;-0.69;-0.019;9.031;Capture
969;1542386383660;-0.699;-0.057;8.926;Capture
970;1542386383665;-0.69;-0.067;9.079;Capture
971;1542386383670;-0.766;-0.01;9.088;Capture
972;1542386383675;-0.728;0.038;8.926;Capture
973;1542386383680;-0.661;0.057;8.715;Capture
974;1542386383685;-0.584;0.057;8.533;Capture
975;1542386383691;-0.651;0.086;8.638;Capture
976;1542386383695;-0.536;0.144;8.772;Capture
977;1542386383700;-0.479;0.019;8.849;Capture
978;1542386383705;-0.488;0;8.906;Capture
979;1542386383710;-0.584;-0.067;8.839;Capture
980;1542386383715;-0.651;-0.124;8.705;Capture
981;1542386383720;-0.728;-0.038;8.696;Capture
982;1542386383725;-0.67;-0.019;8.772;Capture
983;1542386383730;-0.661;-0.115;8.935;Capture
984;1542386383735;-0.651;-0.115;9.06;Capture
985;1542386383740;-0.498;-0.172;9.002;Capture
986;1542386383745;-0.249;-0.22;9.002;Capture
987;1542386383750;-0.144;-0.163;8.916;Capture
988;1542386383756;-0.115;-0.057;8.868;Capture
989;1542386383760;-0.144;0.019;8.792;Capture
990;1542386383765;-0.23;0.019;8.772;Capture
991;1542386383771;-0.249;0.01;8.83;Capture
992;1542386383776;-0.249;0.124;8.59;Capture
993;1542386383780;-0.201;0.211;8.495;Capture
994;1542386383785;-0.134;0.153;8.504;Capture
995;1542386383790;-0.096;0.096;8.552;Capture
996;1542386383795;0.01;0.01;8.485;Capture
997;1542386383800;0.077;0.019;8.514;Capture
998;1542386383805;0.077;-0.01;8.37;Capture
999;1542386383810;0.038;-0.096;8.131;Capture
1000;1542386383815;0.019;-0.153;7.939;Capture
1001;1542386383820;-0.144;-0.105;7.518;Capture
1002;1542386383826;-0.23;-0.144;7.116;Capture
1003;1542386383830;-0.326;-0.057;6.905;Capture
1004;1542386383835;-0.565;0;6.483;Capture
1005;1542386383840;-0.766;0.124;6.302;Capture
1006;1542386383846;-0.958;0.182;6.091;Capture
1007;1542386383850;-0.996;0.211;6.005;Capture
1008;1542386383855;-1.025;0.239;6.072;Capture
1009;1542386383860;-1.015;0.335;5.909;Capture
1010;1542386383866;-0.9;0.373;5.918;Capture
1011;1542386383870;-0.68;0.354;6.129;Capture
1012;1542386383875;-0.508;0.23;6.474;Capture
1013;1542386383880;-0.172;0.201;6.809;Capture
1014;1542386383885;0.077;0.019;6.905;Capture
1015;1542386383890;0.402;-0.057;7.001;Capture
1016;1542386383895;0.594;-0.105;7.029;Capture
1017;1542386383900;0.718;-0.211;7.116;Capture
1018;1542386383905;0.69;-0.249;7.163;Capture
1019;1542386383910;0.555;-0.268;7.096;Capture
1020;1542386383915;0.383;-0.22;7.202;Capture
1021;1542386383920;0.249;-0.201;7.23;Capture
1022;1542386383925;0.124;-0.153;7.365;Capture
1023;1542386383930;0;0;7.661;Capture
1024;1542386383935;0.23;0;7.958;Capture
1025;1542386383940;0.316;0.019;8.217;Capture
1026;1542386383945;0.508;0.057;8.294;Capture
1027;1542386383950;0.584;-0.038;8.523;Capture
1028;1542386383955;0.546;-0.115;8.724;Capture
1029;1542386383960;0.594;-0.297;8.887;Capture
1030;1542386383965;0.843;-0.517;9.031;Capture
1031;1542386383970;1.283;-0.622;9.385;Capture
1032;1542386383975;1.743;-0.833;9.749;Capture
1033;1542386383980;1.954;-1.053;10.104;Capture
1034;1542386383985;2.231;-1.13;10.467;Capture
1035;1542386383990;2.26;-1.14;10.898;Capture
1036;1542386383995;1.982;-0.948;11.042;Capture
1037;1542386384000;1.714;-0.555;11.425;Capture
1038;1542386384005;1.532;-0.383;11.444;Capture
1039;1542386384010;1.609;-0.297;11.32;Capture
1040;1542386384015;1.657;-0.182;11.253;Capture
1041;1542386384020;1.59;-0.22;10.879;Capture
1042;1542386384025;1.475;-0.239;10.487;Capture
1043;1542386384030;1.283;-0.172;9.893;Capture
1044;1542386384035;1.063;-0.019;9.778;Capture
1045;1542386384040;0.891;0.134;9.596;Capture
1046;1542386384045;0.833;0.287;9.529;Capture
1047;1542386384050;0.747;0.268;9.538;Capture
1048;1542386384055;0.536;0.287;9.529;Capture
1049;1542386384060;0.517;0.278;9.634;Capture
1050;1542386384065;0.728;0.192;9.883;Capture
1051;1542386384070;1.207;0.239;10.276;Capture
1052;1542386384075;1.465;0.201;10.678;Capture
1053;1542386384080;1.523;0.134;10.927;Capture
1054;1542386384085;1.657;0.01;11.243;Capture
1055;1542386384090;1.781;-0.029;11.396;Capture
1056;1542386384095;2.002;0.134;11.511;Capture
1057;1542386384100;2.184;0.163;11.387;Capture
1058;1542386384105;2.164;0.163;10.831;Capture
1059;1542386384110;2.116;0.019;10.324;Capture
1060;1542386384115;1.944;-0.124;10.065;Capture
1061;1542386384120;1.724;-0.077;10.142;Capture
1062;1542386384125;1.36;0.019;10.362;Capture
1063;1542386384130;1.082;0.192;10.716;Capture
1064;1542386384135;0.757;0.412;10.793;Capture
1065;1542386384140;0.364;0.804;10.774;Capture
1066;1542386384145;0.115;1.034;10.515;Capture
1067;1542386384150;0.153;1.197;10.238;Capture
1068;1542386384155;0.46;1.322;10.104;Capture
1069;1542386384160;0.709;1.475;10.027;Capture
1070;1542386384165;0.737;1.446;10.113;Capture
1071;1542386384170;0.642;1.302;10.372;Capture
1072;1542386384175;0.565;0.967;10.343;Capture
1073;1542386384180;0.757;0.575;10.324;Capture
1074;1542386384185;1.149;0.373;10.104;Capture
1075;1542386384190;1.551;0.22;10.036;Capture
1076;1542386384195;1.877;0.306;10.027;Capture
1077;1542386384200;1.992;0.249;10.132;Capture
1078;1542386384205;1.848;0.048;10.496;Capture
1079;1542386384210;1.666;0.01;10.831;Capture
1080;1542386384215;1.59;0.182;10.985;Capture
1081;1542386384220;1.456;0.23;11.09;Capture
1082;1542386384225;1.312;0.23;11.138;Capture
1083;1542386384230;1.101;0.326;11.435;Capture
1084;1542386384235;0.776;0.383;11.511;Capture
1085;1542386384240;0.584;0.402;11.578;Capture
1086;1542386384245;0.316;0.46;11.598;Capture
1087;1542386384250;0.211;0.383;11.588;Capture
1088;1542386384255;0.259;0.316;11.578;Capture
1089;1542386384260;0.479;0.201;12.009;Capture
1090;1542386384265;0.737;0.096;12.373;Capture
1091;1542386384270;0.757;0.057;12.708;Capture
1092;1542386384275;0.603;0;12.795;Capture
1093;1542386384280;0.498;-0.182;12.718;Capture
1094;1542386384286;0.584;-0.306;12.852;Capture
1095;1542386384291;0.575;-0.249;13.044;Capture
1096;1542386384295;0.546;-0.249;13.178;Capture
1097;1542386384301;0.479;-0.287;13.197;Capture
1098;1542386384305;0.239;-0.249;13.101;Capture
1099;1542386384310;0.211;-0.249;12.977;Capture
1100;1542386384316;0.144;-0.297;12.9;Capture
1101;1542386384320;0.077;-0.364;12.996;Capture
1102;1542386384325;0.134;-0.488;13.13;Capture
1103;1542386384330;0.019;-0.546;13.465;Capture
1104;1542386384335;-0.057;-0.527;13.867;Capture
1105;1542386384340;-0.23;-0.479;14.116;Capture
1106;1542386384346;-0.297;-0.373;14.097;Capture
1107;1542386384350;-0.057;-0.373;14.078;Capture
1108;1542386384355;0.124;-0.316;14.202;Capture
1109;1542386384360;0.383;-0.144;14.451;Capture
1110;1542386384365;0.46;-0.412;13.858;Capture
1111;1542386384370;0.383;-0.441;13.561;Capture
1112;1542386384375;0.354;-0.546;13.388;Capture
1113;1542386384380;0.23;-0.584;13.235;Capture
1114;1542386384385;0.172;-0.603;13.283;Capture
1115;1542386384390;0.23;-0.632;13.532;Capture
1116;1542386384395;0.211;-0.68;13.475;Capture
1117;1542386384400;0.124;-0.747;13.005;Capture
1118;1542386384405;0.019;-0.824;12.249;Capture
1119;1542386384410;0;-0.881;11.933;Capture
1120;1542386384415;0.077;-0.843;11.645;Capture
1121;1542386384420;0.134;-0.642;11.377;Capture
1122;1542386384425;0.182;-0.527;11.272;Capture
1123;1542386384430;0.211;-0.46;11.08;Capture
1124;1542386384436;0.153;-0.354;10.803;Capture
1125;1542386384440;0.115;-0.239;10.649;Capture
1126;1542386384445;0.144;-0.297;10.448;Capture
1127;1542386384450;0.172;-0.393;10.171;Capture
1128;1542386384455;0.172;-0.412;9.969;Capture
1129;1542386384460;0.038;-0.393;9.816;Capture
1130;1542386384465;-0.124;-0.278;9.711;Capture
1131;1542386384470;-0.326;-0.383;9.692;Capture
1132;1542386384475;-0.23;-0.373;9.692;Capture
1133;1542386384480;0.038;-0.517;9.96;Capture
1134;1542386384485;0.555;-0.622;10.324;Capture
1135;1542386384490;0.91;-0.68;10.314;Capture
1136;1542386384495;0.814;-0.661;10.218;Capture
1137;1542386384500;0.383;-0.45;10.065;Capture
1138;1542386384505;0.086;-0.373;10.046;Capture
1139;1542386384510;0.077;-0.287;10.065;Capture
1140;1542386384515;0.105;-0.316;10.075;Capture
1141;1542386384520;-0.115;-0.22;10.506;Capture
1142;1542386384525;-0.967;-0.211;11.435;Capture
1143;1542386384530;-1.264;-0.536;12.191;Capture
1144;1542386384535;-0.958;-0.986;12.268;Capture
1145;1542386384540;-0.527;-1.063;12.364;Capture
1146;1542386384545;-0.23;-0.728;12.383;Capture
1147;1542386384550;-0.115;-0.383;12.143;Capture
1148;1542386384556;0;-0.23;11.435;Capture
1149;1542386384560;0.153;-0.115;10.812;Capture
1150;1542386384565;0.364;-0.153;10.333;Capture
1151;1542386384570;0.699;-0.144;10.353;Capture
1152;1542386384575;0.881;-0.105;10.439;Capture
1153;1542386384580;0.776;-0.23;10.467;Capture
1154;1542386384585;0.517;-0.239;10.285;Capture
1155;1542386384590;0.278;-0.354;9.95;Capture
1156;1542386384595;0.077;-0.373;9.864;Capture
1157;1542386384600;0.192;-0.488;9.922;Capture
1158;1542386384605;0.297;-0.603;9.979;Capture
1159;1542386384612;0.527;-0.661;9.778;Capture
1160;1542386384615;0.852;-0.776;9.634;Capture
1161;1542386384620;0.67;-0.603;9.357;Capture
1162;1542386384625;0.192;-0.134;9.155;Capture
1163;1542386384630;-0.057;0.211;9.194;Capture
1164;1542386384636;0.057;0.153;9.079;Capture
1165;1542386384640;0.278;0.249;9.404;Capture
1166;1542386384645;0.316;0.259;9.845;Capture
1167;1542386384650;-0.067;0.364;10.783;Capture
1168;1542386384655;-0.345;0.354;11.578;Capture
1169;1542386384660;-0.038;0.201;11.406;Capture
1170;1542386384665;0.508;0.115;11.147;Capture
1171;1542386384670;0.843;0.029;10.985;Capture
1172;1542386384675;0.527;0;10.573;Capture
1173;1542386384680;0.105;-0.048;10.18;Capture
1174;1542386384685;-0.038;-0.077;10.017;Capture
1175;1542386384690;-0.019;-0.077;9.931;Capture
1176;1542386384696;0.057;-0.038;10.065;Capture
1177;1542386384700;0.134;0;10.056;Capture
1178;1542386384706;0.115;0.019;10.123;Capture
1179;1542386384711;0.077;0.019;9.969;Capture
1180;1542386384715;0.067;-0.029;9.912;Capture
1181;1542386384721;0.019;0.048;9.96;Capture
1182;1542386384726;0.077;0.048;9.96;Capture
1183;1542386384730;0.144;0.019;10.104;Capture
1184;1542386384735;0.345;-0.057;10.161;Capture
1185;1542386384740;0.421;-0.019;10.151;Capture
1186;1542386384745;0.345;-0.019;10.305;Capture
1187;1542386384750;0.22;-0.048;10.295;Capture
1188;1542386384755;0.182;-0.01;10.276;Capture
1189;1542386384766;0.192;0.019;10.324;Capture
1190;1542386384767;0.124;-0.019;10.151;Capture
1191;1542386384770;0.124;-0.086;10.084;Capture
1192;1542386384775;0.134;-0.057;10.151;Capture
1193;1542386384780;0.172;-0.182;10.218;Capture
1194;1542386384785;0.23;-0.124;10.142;Capture
1195;1542386384790;0.239;-0.067;10.027;Capture
1196;1542386384795;0.22;-0.086;9.989;Capture
1197;1542386384800;0.172;-0.086;9.96;Capture
1198;1542386384805;0.105;-0.038;9.902;Capture
1199;1542386384810;0.077;-0.019;9.931;Capture
1200;1542386384815;0.144;0;9.998;Capture
1201;1542386384820;0.23;-0.048;10.046;Capture
1202;1542386384825;0.239;-0.057;10.199;Capture
1203;1542386384830;0.115;0.038;10.104;Capture
1204;1542386384835;0;0.096;10.132;Capture
1205;1542386384840;0.096;0.057;10.171;Capture
1206;1542386384845;0.144;-0.029;10.084;Capture
1207;1542386384850;0.096;-0.105;10.678;Capture
1208;1542386384855;0.134;-0.048;10.209;Capture
1209;1542386384860;0.326;-0.057;10.151;Capture
1210;1542386384865;0.364;-0.067;10.199;Capture
1211;1542386384870;0.239;-0.201;10.151;Capture
1212;1542386384875;-0.048;-0.603;9.586;Capture
1213;1542386384880;-0.01;0.01;10.008;Capture
1214;1542386384885;0.316;0.105;9.969;Capture
1215;1542386384890;0.364;-0.01;10.142;Capture
1216;1542386384895;0.354;-0.182;10.056;Capture
1217;1542386384900;0.259;-0.144;10.008;Capture
1218;1542386384905;0.115;-0.057;10.075;Capture
1219;1542386384910;0.124;-0.029;10.084;Capture
1220;1542386384915;0.105;-0.048;10.104;Capture
1221;1542386384920;0.23;-0.067;10.113;Capture
1222;1542386384925;0.402;-0.067;10.171;Capture
1223;1542386384930;0.479;-0.019;10.257;Capture
1224;1542386384935;0.488;0.019;10.238;Capture
1225;1542386384940;0.192;-0.067;10.372;Capture
1226;1542386384945;-0.163;0.249;10.544;Capture
1227;1542386384950;-0.086;0.297;10.247;Capture
1228;1542386384955;0.096;-0.077;10.257;Capture
1229;1542386384960;0.067;-0.067;10.228;Capture
1230;1542386384965;0.01;-0.077;10.046;Capture
1231;1542386384970;-0.057;-0.038;10.104;Capture
1232;1542386384975;-0.067;0;10.075;Capture
1233;1542386384980;0.01;-0.057;10.123;Capture
1234;1542386384985;0.057;-0.067;10.171;Capture
1235;1542386384990;0.077;-0.115;10.142;Capture
1236;1542386384995;0.086;-0.086;10.171;Capture
1237;1542386385000;0.124;-0.048;10.161;Capture
1238;1542386385005;0.077;-0.096;10.046;Capture
1239;1542386385010;0.067;-0.144;10.132;Capture
1240;1542386385015;0.048;-0.144;10.075;Capture
1241;1542386385020;-0.01;-0.124;10.142;Capture
1242;1542386385025;-0.029;-0.124;10.113;Capture
1243;1542386385030;-0.019;-0.105;10.104;Capture
1244;1542386385035;0.038;-0.038;10.171;Capture
1245;1542386385040;0.124;-0.124;10.123;Capture
1246;1542386385045;0.038;-0.163;10.151;Capture
1247;1542386385050;0.182;-0.077;10.113;Capture
1248;1542386385055;0.201;-0.096;10.104;Capture
1249;1542386385060;0.23;-0.067;10.104;Capture
1250;1542386385065;0.192;-0.029;10.113;Capture
1251;1542386385070;0.211;0;10.113;Capture
1252;1542386385075;0.115;0;10.209;Capture
1253;1542386385080;0.124;-0.048;10.171;Capture
1254;1542386385085;0.153;-0.019;10.161;Capture
1255;1542386385090;0.239;-0.048;10.142;Capture
1256;1542386385095;0.211;-0.01;10.113;Capture
1257;1542386385100;0.124;-0.01;10.094;Capture
1258;1542386385105;0.038;-0.048;10.027;Capture
1259;1542386385110;0.115;-0.057;10.084;Capture
1260;1542386385115;0.115;-0.077;10.161;Capture
1261;1542386385120;-0.086;-0.038;9.998;Capture
1262;1542386385125;-0.642;-0.239;10.496;Capture
1263;1542386385130;-0.134;-0.057;10.161;Capture
1264;1542386385135;0.393;-0.038;10.123;Capture
1265;1542386385140;0.527;0;10.113;Capture
1266;1542386385145;0.479;0;10.065;Capture
1267;1542386385151;0.316;-0.057;10.084;Capture
1268;1542386385155;0.105;-0.105;10.123;Capture
1269;1542386385160;0.134;-0.144;10.056;Capture
1270;1542386385165;0.239;-0.134;10.017;Capture
1271;1542386385170;0.488;-0.077;10.324;Capture
1272;1542386385175;0.163;-0.153;10.113;Capture
1273;1542386385180;-0.038;-0.153;10.027;Capture
1274;1542386385185;-0.105;-0.048;10.142;Capture
1275;1542386385190;-0.057;-0.134;10.036;Capture
1276;1542386385195;0.115;-0.124;10.065;Capture
1277;1542386385200;0.163;-0.105;10.161;Capture
1278;1542386385205;0.115;-0.057;10.151;Capture
1279;1542386385210;0.134;-0.086;10.075;Capture
1280;1542386385215;0.077;-0.105;10.142;Capture
1281;1542386385220;0.096;-0.077;10.056;Capture
1282;1542386385225;0.077;-0.096;10.056;Capture
1283;1542386385230;0.048;-0.057;10.113;Capture
1284;1542386385235;0.086;-0.096;10.171;Capture
1285;1542386385240;0.077;-0.038;10.19;Capture
1286;1542386385245;0.105;-0.115;10.094;Capture
1287;1542386385250;0.172;-0.067;10.123;Capture
1288;1542386385255;0.163;-0.048;10.094;Capture
1289;1542386385260;0.115;-0.038;10.142;Capture
1290;1542386385265;0.153;-0.086;10.056;Capture
1291;1542386385270;0.163;-0.038;10.132;Capture
1292;1542386385275;0.096;-0.134;10.161;Capture
1293;1542386385280;0.134;-0.096;10.123;Capture
1294;1542386385285;0.124;-0.077;10.113;Capture
1295;1542386385290;0.105;-0.067;10.142;Capture
1296;1542386385295;0.115;-0.096;10.142;Capture
1297;1542386385300;0.124;-0.115;10.084;Capture
1298;1542386385305;0.086;-0.134;10.123;Capture
1299;1542386385310;0.077;-0.057;10.075;Capture
1300;1542386385315;0.124;-0.105;10.094;Capture
1301;1542386385320;0.105;-0.105;10.046;Capture
1302;1542386385325;0.124;-0.096;10.247;Capture
1303;1542386385330;0.086;-0.048;10.104;Capture
1304;1542386385335;0.134;-0.077;10.161;Capture
1305;1542386385340;0.115;-0.115;10.18;Capture
1306;1542386385345;0.124;-0.077;10.142;Capture
1307;1542386385350;0.144;-0.124;10.142;Capture
1308;1542386385355;0.115;-0.096;10.104;Capture
1309;1542386385361;0.124;-0.086;10.065;Capture
1310;1542386385366;0.115;-0.077;10.094;Capture
1311;1542386385370;0.077;-0.115;10.161;Capture
1312;1542386385376;0.115;-0.105;10.218;Capture
1313;1542386385380;0.077;-0.096;10.171;Capture
1314;1542386385385;0.086;-0.067;10.113;Capture
1315;1542386385390;0.153;-0.105;10.084;Capture
1316;1542386385395;0.096;-0.077;10.151;Capture
1317;1542386385400;0.115;-0.057;10.18;Capture
1318;1542386385405;0.163;-0.086;10.228;Capture
1319;1542386385410;0.115;-0.077;10.209;Capture
1320;1542386385415;0.115;-0.105;10.218;Capture
1321;1542386385420;0.115;-0.115;10.18;Capture
1322;1542386385425;0.086;-0.019;10.142;Capture
1323;1542386385430;0.105;-0.067;10.161;Capture
1324;1542386385435;0.086;-0.057;10.161;Capture
1325;1542386385440;0.115;-0.067;10.132;Capture
1326;1542386385445;0.086;-0.096;10.151;Capture
1327;1542386385450;0.124;-0.144;10.113;Capture
1328;1542386385455;0.163;-0.038;10.19;Capture
1329;1542386385460;0.105;-0.067;10.218;Capture
1330;1542386385465;0.172;-0.096;10.18;Capture
1331;1542386385470;0.096;-0.086;10.161;Capture
1332;1542386385475;0.086;-0.038;10.161;Capture
1333;1542386385480;0.115;-0.077;10.171;Capture
1334;1542386385485;0.096;-0.086;10.084;Capture
1335;1542386385490;0.096;-0.153;10.161;Capture
1336;1542386385495;0.124;-0.077;10.132;Capture
1337;1542386385500;0.077;-0.115;10.151;Capture
1338;1542386385506;0.115;-0.067;10.151;Capture
1339;1542386385510;0.144;-0.134;10.132;Capture
1340;1542386385515;0.134;-0.067;10.18;Capture
1341;1542386385520;0.153;-0.067;10.218;Capture
1342;1542386385526;0.144;-0.115;10.18;Capture
1343;1542386385530;0.134;-0.096;10.199;Capture
1344;1542386385535;0.096;-0.057;10.123;Capture
1345;1542386385540;0.124;-0.115;10.171;Capture
1346;1542386385545;0.086;-0.067;10.238;Capture
1347;1542386385550;0.096;-0.038;10.171;Capture
1348;1542386385555;0.144;-0.057;10.18;Capture
1349;1542386385562;0.124;-0.144;10.142;Capture
1350;1542386385565;0.077;-0.067;10.18;Capture
1351;1542386385570;0.086;-0.048;10.142;Capture
1352;1542386385576;0.077;-0.077;10.151;Capture
1353;1542386385580;0.144;-0.048;10.171;Capture
1354;1542386385585;0.124;-0.067;10.209;Capture
1355;1542386385590;0.086;-0.067;10.161;Capture
1356;1542386385595;0.105;-0.086;10.18;Capture
1357;1542386385600;0.105;-0.067;10.199;Capture
1358;1542386385605;0.115;-0.038;10.132;Capture
1359;1542386385613;0.077;-0.067;10.123;Capture
1360;1542386385615;0.115;-0.105;10.151;Capture
1361;1542386385620;0.096;-0.067;10.113;Capture
1362;1542386385626;0.124;-0.086;10.199;Capture
1363;1542386385630;0.124;-0.105;10.123;Capture
1364;1542386385635;0.124;-0.134;10.142;Capture
1365;1542386385640;0.124;-0.057;10.161;Capture
1366;1542386385646;0.115;-0.077;10.132;Capture
1367;1542386385650;0.077;-0.057;10.132;Capture
1368;1542386385655;0.067;-0.115;10.132;Capture
1369;1542386385660;0.163;-0.038;10.113;Capture
1370;1542386385665;0.134;-0.086;10.171;Capture
1371;1542386385670;0.105;-0.057;10.19;Capture
1372;1542386385675;0.144;-0.077;10.18;Capture
1373;1542386385684;0.172;-0.057;10.19;Capture
1374;1542386385685;0.172;-0.01;10.132;Capture
1375;1542386385690;0.086;-0.086;10.104;Capture
1376;1542386385695;0.086;-0.057;10.151;Capture
1377;1542386385700;0.038;-0.096;10.123;Capture
1378;1542386385705;0.067;-0.134;10.142;Capture
1379;1542386385710;0.077;-0.105;10.18;Capture
1380;1542386385715;0.096;-0.086;10.218;Capture
1381;1542386385720;0.057;-0.077;10.123;Capture
1382;1542386385725;0.115;-0.096;10.075;Capture
1383;1542386385730;0.096;-0.048;10.161;Capture
1384;1542386385735;0.096;-0.124;10.19;Capture
1385;1542386385740;0.067;-0.105;10.104;Capture
1386;1542386385745;0.077;-0.077;10.104;Capture
1387;1542386385750;0.077;-0.057;10.238;Capture
1388;1542386385755;0.096;-0.096;10.199;Capture
1389;1542386385760;0.144;-0.057;10.104;Capture
1390;1542386385765;0.077;-0.077;10.075;Capture
1391;1542386385770;0.124;-0.048;10.132;Capture
1392;1542386385775;0.124;-0.038;10.18;Capture
1393;1542386385780;0.201;-0.029;10.142;Capture
1394;1542386385785;0.086;-0.048;10.19;Capture
1395;1542386385790;0.153;-0.096;10.18;Capture
1396;1542386385795;0.115;-0.086;10.171;Capture
1397;1542386385800;0.153;-0.029;10.132;Capture
1398;1542386385805;0.115;0;10.209;Capture
1399;1542386385810;0.134;-0.029;10.142;Capture